0.003931701,0.5434961,South-East
0.41361427,0.45097232,South-East
0.1412062,0.30839533,South-East
0.7022597,0.44699275,South-West
0.85170335,0.8927045,North-West
0.8757136,0.5449374,South-West
0.8586002,0.5891357,South-West
0.9344622,0.8133382,North-West
0.94485974,0.3964525,South-West
0.007094383,0.8185874,North-East
0.83756536,0.55151635,South-West
0.41171944,0.3796944,South-East
0.4953289,0.16586298,South-East
0.37924927,0.98636156,North-East
0.48073262,0.4505449,South-East
0.3577782,0.5426394,South-East
0.6777836,0.9529252,North-West
0.24593401,0.052434266,South-East
0.9358532,0.67594707,North-West
0.67723125,0.6975901,North-West
0.35391647,0.74887085,North-East
0.17233247,0.6704298,North-East
0.7576096,0.5789105,South-West
0.120031536,0.19744754,South-East
0.44031918,0.76159465,North-East
0.8721652,0.65681666,North-West
0.739964,0.8556219,North-West
0.92709804,0.16769606,South-West
0.3852085,0.8427066,North-East
0.118617654,0.7727582,North-East
0.4765694,0.36726815,South-East
0.76282936,0.49634653,South-West
0.25537038,0.87327987,North-East
0.8889076,0.42923594,South-West
0.57102615,0.48027134,South-West
0.48741293,0.24777699,South-East
0.8770796,0.8370839,North-West
0.3525083,0.5415492,South-East
0.18927652,0.49588025,South-East
0.72513646,0.21143931,South-West
0.3233837,0.31107044,South-East
0.9194888,0.36183584,South-West
0.8231854,0.504842,South-West
0.24447894,0.2895636,South-East
0.7950219,0.88510567,North-West
0.3281268,0.7520458,North-East
0.71736413,0.050729394,South-West
0.8815801,0.9524065,North-West
0.60338515,0.58641773,South-West
0.66989726,0.02484119,South-West
0.4005527,0.3146016,South-East
0.11075574,0.04525405,South-East
0.5313031,0.728957,North-West
0.32513285,0.17618197,South-East
0.15838224,0.14402527,South-East
0.39404744,0.8183021,North-East
0.32107955,0.733842,North-East
0.014099002,0.060898244,South-East
0.086098075,0.14108765,South-East
0.12636614,0.16870481,South-East
0.419078,0.37429047,South-East
0.55592144,0.82133853,North-West
0.5678324,0.19688255,South-West
0.3336081,0.7334913,North-East
0.3922944,0.5869116,South-East
0.4717492,0.6692214,North-East
0.64327097,0.31405312,South-West
0.27819276,0.6527182,North-East
0.62473476,0.4609629,South-West
0.26873118,0.9421083,North-East
0.7430695,0.2943251,South-West
0.7797928,0.5341388,South-West
4.92E-05,0.2681501,South-East
0.097830296,0.20845371,South-East
0.70112944,0.88456833,North-West
0.36859584,0.39383203,South-East
0.2817574,0.42777723,South-East
0.4911943,0.078978,South-East
0.7848534,0.27277327,South-West
0.35425872,0.12165195,South-East
0.81353134,0.11552787,South-West
0.053747118,0.2971472,South-East
0.7237584,0.40443283,South-West
0.51578444,0.32601815,South-West
0.979386,0.81888795,North-West
0.3088606,0.6278334,North-East
0.36232954,0.4501701,South-East
0.39587379,0.24948591,South-East
0.5872603,0.5181948,South-West
0.37941164,0.040768623,South-East
0.6147593,0.897055,North-West
0.11787158,0.81469566,North-East
0.9693545,0.329525,South-West
0.82322496,0.6941927,North-West
0.8572221,0.15890336,South-West
0.23425066,0.7597169,North-East
0.12872076,0.38410968,South-East
0.73584676,0.26413745,South-West
0.75759155,0.30495524,South-West
0.36264437,0.2524659,South-East
0.7039898,0.43869263,South-West
0.1837908,0.23607546,South-East
0.8130192,0.49167877,South-West
0.26876104,0.33578968,South-East
0.87274635,0.21222281,South-West
0.137842,0.8782027,North-East
0.5425465,0.9490489,North-West
0.61508125,0.04797405,South-West
0.5689506,0.7264999,North-West
0.3387006,0.7494135,North-East
0.36493242,0.92050153,North-East
0.8100631,0.08784568,South-West
0.55093515,0.991868,North-West
0.9461917,0.76006365,North-West
0.68113756,0.78486496,North-West
0.2646466,0.44930512,South-East
0.9238896,0.22377849,South-West
0.39846444,0.99990875,North-East
0.57641083,0.69892186,North-West
0.8911718,0.5370379,South-West
0.69437826,0.40202075,South-West
0.63904655,0.77514195,North-West
0.8586848,0.49085748,South-West
0.86439466,0.89331955,North-West
0.81431866,0.39164472,South-West
0.75731784,0.5552458,South-West
0.85799235,0.20770061,South-West
0.5051039,0.815239,North-West
0.9579822,0.033077657,South-West
0.13191062,0.8204109,North-East
0.5258768,0.6739651,North-West
0.643914,0.82233506,North-West
0.96795934,0.57866126,South-West
0.36674023,0.12156427,South-East
0.894272,0.6540524,North-West
0.9761292,0.14654845,South-West
0.5046674,0.6038149,North-West
0.66581446,0.017587662,South-West
0.8800916,0.72757584,North-West
0.72814286,0.1595611,South-West
0.938859,0.05325538,South-West
0.8056657,0.9380977,North-West
0.7547696,0.7846205,North-West
0.42165875,0.9270054,North-East
0.9377231,0.39618033,South-West
0.5331956,0.4351955,South-West
0.3372562,0.12705219,South-East
0.6440883,0.8846915,North-West
0.5125548,0.95904994,North-West
0.04191625,0.7338857,North-East
0.11447734,0.5223421,South-East
0.5118019,0.9689137,North-West
0.51960003,0.3805771,South-West
0.16101807,0.96840173,North-East
0.045027316,0.19797456,South-East
0.9474786,0.4010628,South-West
0.7355662,0.79076314,North-West
0.029389977,4.64E-04,South-East
0.75986886,0.68735784,North-West
0.98362243,0.72618395,North-West
0.6654228,0.7542935,North-West
0.32066172,0.255538,South-East
0.23807454,0.64225715,North-East
0.05138123,0.6357831,North-East
0.18249673,0.23833293,South-East
0.5355348,0.58444214,South-West
0.8061512,0.21212399,South-West
0.61712605,0.56710136,South-West
0.94950235,0.86573684,North-West
0.48411292,0.7602084,North-East
0.48624587,0.35729432,South-East
0.5888178,0.06423867,South-West
0.32402772,0.49692357,South-East
0.8436387,0.85386825,North-West
0.30154026,0.5108818,South-East
0.6300102,0.41092288,South-West
0.11313069,0.74712586,North-East
0.5959879,0.39789313,South-West
0.13639879,0.33329266,South-East
0.89140624,0.10038453,South-West
0.10908395,0.3904692,South-East
0.22446889,0.9422969,North-East
0.14434195,0.91364133,North-East
0.6982071,0.29471183,South-West
0.8119377,0.72829974,North-West
0.7809195,0.33595198,South-West
0.49867648,0.66394573,North-East
0.41606253,0.5442241,South-East
0.12445301,0.9064114,North-East
0.3217892,0.82445717,North-East
0.48861915,0.32483584,South-East
0.059251428,0.6868153,North-East
0.09109318,0.8542986,North-East
0.7558392,0.8459359,North-West
0.5780114,0.95560676,North-West
0.20179248,0.027885973,South-East
0.9451394,0.98928696,North-West
0.84628946,0.22743231,South-West
0.064227104,0.51680255,South-East
0.4055043,0.6133912,North-East
0.826634,0.07937223,South-West
0.96668565,0.33711112,South-West
0.40163696,0.67011654,North-East
0.68860525,0.6517027,North-West
0.5387348,0.6908218,North-West
0.22245574,0.63125616,North-East
0.08699691,0.71824634,North-East
0.5242639,0.9143904,North-West
0.62119746,0.46007347,South-West
0.71907,0.9501036,North-West
0.24338913,0.1864425,South-East
0.48057956,0.25169832,South-East
0.83708596,0.024187744,South-West
0.08291417,0.8628314,North-East
0.68485,0.40784287,South-West
0.89179534,0.19540101,South-West
0.8924436,0.82009226,North-West
0.82243085,0.33956897,South-West
0.29557818,0.6162844,North-East
0.8851141,0.9898907,North-West
0.83854073,0.12007785,South-West
0.7547792,0.037077785,South-West
0.015623271,0.47313678,South-East
0.67830944,0.29176092,South-West
0.14244598,0.60948664,North-East
0.51720864,0.5247945,South-West
0.5892132,0.65880424,North-West
0.31039327,0.20881522,South-East
0.85405433,0.532257,South-West
0.13253725,0.8492151,North-East
0.5023875,0.1448918,South-West
0.870923,0.31134397,South-West
0.64633334,0.93096685,North-West
0.70457137,0.93714,North-West
0.21335942,0.029635787,South-East
0.8530995,0.7416761,North-West
0.7604367,0.79024404,North-West
0.58199745,0.4720875,South-West
0.86203957,0.36704862,South-West
0.471631,0.5724275,South-East
0.048462808,0.9558891,North-East
0.74822325,0.043222487,South-West
0.13441038,0.2493298,South-East
0.6584033,0.11953086,South-West
0.37402195,0.546781,South-East
0.7698406,0.5624362,South-West
0.8529493,0.51244706,South-West
0.9773225,0.003046095,South-West
0.6044063,0.20261502,South-West
0.36782664,0.17275274,South-East
0.16605556,0.826392,North-East
0.8842623,0.3669153,South-West
0.3080417,0.91774666,North-East
0.5632972,0.1300255,South-West
0.9174437,0.60446835,North-West
0.59887093,0.81823874,North-West
0.057030916,0.39989305,South-East
0.39356917,0.42992795,South-East
0.8907255,0.120069146,South-West
0.35206127,0.32731426,South-East
0.9269831,0.86216986,North-West
0.3944865,0.27352947,South-East
0.14490795,0.4547546,South-East
0.92633057,0.5415951,South-West
0.38495493,0.90791786,North-East
0.40140724,0.8172888,North-East
0.58329487,0.41804034,South-West
0.21562266,0.70988524,North-East
0.26121318,0.6999996,North-East
0.7339471,0.037085056,South-West
0.23128593,0.3771606,South-East
0.9972702,0.6875075,North-West
0.91166073,0.9197247,North-West
0.49851698,0.95094526,North-East
0.43782532,0.014169037,South-East
0.23062098,0.2988401,South-East
0.9951504,0.115287006,South-West
0.567891,0.89141786,North-West
0.36076063,0.38809514,South-East
0.9752753,0.67053485,North-West
0.5135452,0.91557413,North-West
0.7784837,0.99607867,North-West
0.64812887,0.32147235,South-West
0.45643055,0.016892314,South-East
0.8922646,0.24243712,South-West
0.02371192,0.5934469,South-East
0.18539608,0.05340773,South-East
0.8956495,0.758284,North-West
0.91519016,0.0929836,South-West
0.21576214,0.701626,North-East
0.14293355,0.3054642,South-East
0.47243905,0.78417504,North-East
0.27018738,0.6831847,North-East
0.53827906,0.42827493,South-West
0.3285219,0.39197677,South-East
0.18534762,0.13421631,South-East
0.3101322,0.74506265,North-East
0.018936813,0.6630526,North-East
0.026432395,0.77302784,North-East
0.4408574,0.36403686,South-East
0.38921314,0.55195236,South-East
0.21354824,0.08746976,South-East
0.087641954,0.49615574,South-East
0.9141707,0.38678414,South-West
0.79541546,0.80980736,North-West
0.71231604,0.19211894,South-West
0.024996877,0.30197465,South-East
0.5980575,0.637121,North-West
0.8674725,0.89724576,North-West
0.25402063,0.6875439,North-East
0.26264787,0.77923363,North-East
0.98425394,0.9913045,North-West
0.3582065,0.063010514,South-East
0.465389,0.42254913,South-East
0.49083602,0.8464453,North-East
0.006469071,0.99513465,North-East
0.48605973,0.09674257,South-East
0.63058126,0.68253756,North-West
0.28511918,0.010065854,South-East
0.7148804,0.60097545,North-West
0.40275383,0.6774438,North-East
0.43967813,0.5305058,South-East
0.76338285,0.30330926,South-West
0.649067,0.79571444,North-West
0.9973943,0.07373196,South-West
0.36524802,0.6746126,North-East
0.07449126,0.5450313,South-East
0.52964973,0.21344203,South-West
0.055972636,0.120968044,South-East
0.17251742,0.19877881,South-East
0.93918884,0.57471895,South-West
0.19847989,0.06979418,South-East
0.8000995,0.4325601,South-West
0.081362724,0.37656236,South-East
0.29687196,0.4174732,South-East
0.7030345,0.5293179,South-West
0.73993677,0.6162282,North-West
0.26728898,0.7035936,North-East
0.35110825,0.9119755,North-East
0.04275185,0.9228817,North-East
0.5936776,0.86073816,North-West
0.7137548,0.23014468,South-West
0.9522884,0.19477808,South-West
0.37335503,0.06906843,South-East
0.749558,0.6345892,North-West
0.9096475,0.2529449,South-West
0.307553,0.5758611,South-East
0.39978808,0.3216502,South-East
0.3762641,0.39536977,South-East
0.52341026,0.43414378,South-West
0.46614546,0.76325107,North-East
0.2792036,0.86466205,North-East
0.8237351,0.14696789,South-West
0.97926533,0.4553632,South-West
0.89259946,0.09859556,South-West
0.6025159,0.20725101,South-West
0.39874148,0.4015528,South-East
0.8111754,0.3860672,South-West
0.7106766,0.4509424,South-West
0.9263503,0.79239607,North-West
0.9482533,0.6042193,North-West
0.7766285,0.04801941,South-West
0.8777292,0.6825719,North-West
0.8867924,0.1267538,South-West
0.9384947,0.360413,South-West
0.9750281,0.7913848,North-West
0.63216907,0.1485818,South-West
0.14216006,0.86330277,North-East
0.8787151,0.86973184,North-West
0.63441557,0.26307392,South-West
0.045983374,0.52102864,South-East
0.26408994,0.82412034,North-East
0.006088138,0.81442505,North-East
0.8054467,0.94421464,North-West
0.4097436,0.33877718,South-East
0.2245543,0.037542403,South-East
0.12178457,0.576888,South-East
0.93298984,0.46117675,South-West
0.4793138,0.07581425,South-East
0.31099033,0.48211837,South-East
0.34814686,0.06767744,South-East
0.1634087,0.93336374,North-East
0.3214712,0.19363368,South-East
0.1425463,0.3791895,South-East
0.36302567,0.6340478,North-East
0.28953707,0.9110247,North-East
0.6099102,0.59739965,South-West
0.95752007,0.5565816,South-West
0.35972273,0.48873764,South-East
0.43555003,0.7776285,North-East
0.74360746,0.15094942,South-West
0.49538308,0.61781806,North-East
0.57961595,0.8497093,North-West
0.940379,0.8438821,North-West
0.08628672,0.42229605,South-East
0.60635656,0.3944221,South-West
0.76942605,0.5137733,South-West
0.41101593,0.7442621,North-East
0.95872533,0.62914413,North-West
0.18732429,0.43329275,South-East
0.32621711,0.9005048,North-East
0.5859946,0.16197091,South-West
0.754907,0.8330337,North-West
0.16493756,0.07680142,South-East
0.21060526,0.69758636,North-East
0.47453523,0.35451406,South-East
0.6985287,0.791077,North-West
0.025089622,0.030171573,South-East
0.9322838,0.114687026,South-West
0.21828032,0.42963713,South-East
0.30813104,0.51585764,South-East
0.82250416,0.17886662,South-West
0.0418548,0.4102158,South-East
0.26024914,0.8301494,North-East
0.597127,0.5169096,South-West
0.69500595,0.81812674,North-West
0.59909093,0.7937623,North-West
0.6995798,0.026198566,South-West
0.39926296,0.9012975,North-East
0.6541099,0.3874576,South-West
0.030133009,0.026765585,South-East
0.16082537,0.9848526,North-East
0.9805527,0.99617106,North-West
0.82688546,0.26479006,South-West
0.63476247,0.04492742,South-West
0.11301541,0.58938175,South-East
0.27548343,0.9227664,North-East
0.38362563,0.16819185,South-East
0.759771,0.70811397,North-West
0.33638918,0.81442356,North-East
0.66830236,0.5991807,South-West
0.101665735,0.23742843,South-East
0.3155809,0.34696537,South-East
0.15365201,0.12825328,South-East
0.2294454,0.9783465,North-East
0.887773,0.9233325,North-West
0.8806543,0.12016016,South-West
0.11780292,0.28967053,South-East
0.7126837,0.93798494,North-West
0.60984343,0.39985657,South-West
0.11186075,0.32225728,South-East
0.08002454,0.43455166,South-East
0.42031628,0.13091677,South-East
0.27321613,0.33184713,South-East
0.5588574,0.68926543,North-West
0.94882464,0.10590798,South-West
0.25174785,0.27696472,South-East
0.9177331,0.48099267,South-West
0.26666546,0.43756616,South-East
0.99556065,0.6713268,North-West
0.8650472,0.8317786,North-West
0.60874474,0.8130619,North-West
0.7430139,0.24154341,South-West
0.26167732,0.392964,South-East
0.9015905,0.70326936,North-West
0.54858106,0.4814632,South-West
0.96565014,0.60624874,North-West
0.47942948,0.26779258,South-East
0.65065044,0.7029373,North-West
0.64457756,0.3053187,South-West
0.10970235,0.12365782,South-East
0.93056035,0.63960457,North-West
0.36380124,0.71723366,North-East
0.8355675,0.13466358,South-West
0.58631116,0.9145519,North-West
0.8363483,0.49929905,South-West
0.6682661,0.1631937,South-West
0.100819886,0.8010408,North-East
0.80112946,0.15278167,South-West
0.19763356,0.33628052,South-East
0.17384297,0.15293372,South-East
0.35372603,0.18868059,South-East
0.7649237,0.94465005,North-West
0.4848774,0.3813306,South-East
0.41980016,0.93320346,North-East
0.35710394,0.32961333,South-East
0.3183921,0.9933762,North-East
0.2160064,0.09010339,South-East
0.7661436,0.5890387,South-West
0.38781387,0.3254825,South-East
0.26944798,0.41707885,South-East
0.25373554,0.75643647,North-East
0.69791406,0.70466,North-West
0.62544584,0.32948512,South-West
0.183599,0.8084446,North-East
0.6042621,0.21595657,South-West
0.28167945,0.6601139,North-East
0.14316231,0.78378403,North-East
0.9166869,0.12522298,South-West
0.60566616,0.702999,North-West
0.19014812,0.5087568,South-East
0.938348,0.60089797,North-West
0.23413372,0.28291678,South-East
0.657049,0.057648122,South-West
0.79383314,0.9285313,North-West
0.65653974,0.00199163,South-West
0.021974802,0.38451248,South-East
0.058386624,0.6447471,North-East
0.3079589,0.56908625,South-East
0.53418016,0.2806496,South-West
0.6623399,0.3668223,South-West
0.106270134,0.5430111,South-East
0.8783063,0.22714567,South-West
0.61405796,0.8476354,North-West
0.11967915,0.46898586,South-East
0.32215077,0.7899206,North-East
0.7914528,0.6741303,North-West
0.47186917,0.5302963,South-East
0.16390997,0.33590674,South-East
0.577402,0.7268581,North-West
0.70286936,0.63288945,North-West
0.5331533,0.24969447,South-West
0.9427972,0.75787413,North-West
0.9234568,0.7789913,North-West
0.8905967,0.35450023,South-West
0.556929,0.8792023,North-West
0.8082591,0.01734829,South-West
0.13547397,0.32569575,South-East
0.06272799,0.4814455,South-East
0.015673637,0.30022138,South-East
0.89992684,0.5648637,South-West
0.33443123,0.66984755,North-East
0.17368639,0.40008044,South-East
0.9108627,0.41384095,South-West
0.49416488,0.27823073,South-East
0.56523997,0.4981063,South-West
0.03728956,0.08315182,South-East
0.029102862,0.1416722,South-East
0.53789586,0.87269366,North-West
0.8774205,0.6393489,North-West
0.26385552,0.5022338,South-East
0.7659668,0.25475496,South-West
0.103954494,0.12442887,South-East
0.28007263,0.3747012,South-East
0.19410872,0.050296426,South-East
0.42295313,0.2063483,South-East
0.7283275,0.44574362,South-West
0.92432135,0.030156016,South-West
0.0544042,0.056224525,South-East
0.31757003,0.012581766,South-East
0.71952075,0.007563055,South-West
0.004112661,0.091554165,South-East
0.5157956,0.39595664,South-West
0.13735771,0.6243564,North-East
0.5664266,0.04326862,South-West
0.16018105,0.6217431,North-East
0.20373058,0.4090137,South-East
0.7157374,0.16454965,South-West
0.5134475,0.18767858,South-West
0.622203,0.33101952,South-West
0.47566527,0.81454086,North-East
0.81089413,0.8664927,North-West
0.22026533,0.7059373,North-East
0.93059915,0.25449842,South-West
0.9606453,0.08758551,South-West
0.5284706,0.54285145,South-West
0.1785267,0.24930662,South-East
0.84214056,0.6238419,North-West
0.9379125,0.80418766,North-West
0.7446699,0.9384579,North-West
0.21885121,0.3383295,South-East
0.94246155,0.1858198,South-West
0.6208504,0.7929589,North-West
0.25843644,0.37630212,South-East
0.008947313,0.1185624,South-East
0.5637758,0.9164634,North-West
0.8080909,0.54117936,South-West
0.42970145,0.69280857,North-East
0.9172579,0.060049415,South-West
0.83753836,0.8071108,North-West
0.16536438,0.19504195,South-East
0.74525446,0.576686,South-West
0.9964381,0.17893773,South-West
0.099491596,0.15743542,South-East
0.6096785,0.6665261,North-West
0.094617724,0.07505214,South-East
0.12710011,0.04811114,South-East
0.408477,0.6005838,North-East
0.8816742,0.8134844,North-West
0.5353746,0.21120071,South-West
0.5546455,0.3334434,South-West
0.64059305,0.90684044,North-West
0.41251117,0.394876,South-East
0.9807203,0.3702907,South-West
0.15063429,0.84325206,North-East
0.4767211,0.46477705,South-East
0.018395007,0.51968503,South-East
0.5515766,0.3524027,South-West
0.7350271,0.11075759,South-West
0.6141391,0.2226299,South-West
0.7888652,0.6059091,North-West
0.3014298,0.7668206,North-East
0.7067657,0.34283078,South-West
0.70188755,0.7876909,North-West
0.7742207,0.44511062,South-West
0.64412254,0.7470622,North-West
0.04754293,0.16303748,South-East
0.8247469,0.32778537,South-West
0.7229697,0.8283695,North-West
0.09315169,0.803094,North-East
0.487244,0.9529659,North-East
0.84213173,0.8964496,North-West
0.17194384,0.33108127,South-East
0.85559255,0.9953331,North-West
0.24942511,0.7530493,North-East
0.5259014,0.81220865,North-West
0.6497305,0.2768939,South-West
0.41459107,0.51444834,South-East
0.33132738,0.62257177,North-East
0.23503321,0.76239645,North-East
0.6183286,0.60518,North-West
0.48143697,0.1816433,South-East
0.7153073,0.078273654,South-West
0.81529945,0.3732469,South-West
0.048446774,0.3517909,South-East
0.6015488,0.34600985,South-West
0.25719774,0.73194724,North-East
0.51853245,0.09052563,South-West
0.20061642,0.71944183,North-East
0.2582745,0.14871347,South-East
0.25199574,0.52964205,South-East
0.9987621,0.3487593,South-West
0.26730168,0.26192886,South-East
0.53422976,0.14817822,South-West
0.83840746,0.05857408,South-West
0.8614499,0.17216015,South-West
0.020446897,0.53547895,South-East
0.2619679,0.8561088,North-East
0.4711619,0.23256111,South-East
0.81724375,0.5466317,South-West
0.504408,0.6808875,North-West
0.12409437,0.82109755,North-East
0.66363895,0.2927813,South-West
0.22311944,0.12978,South-East
0.11597383,0.791698,North-East
0.34750968,0.5147308,South-East
0.083239555,0.4678808,South-East
0.681472,0.12464523,South-West
0.12119031,0.59653026,South-East
0.47728533,0.4245208,South-East
0.8680588,0.8259308,North-West
0.4116661,0.43290704,South-East
0.7729584,0.9377664,North-West
0.21274704,0.4386558,South-East
0.72580594,0.8204622,North-West
0.30874676,0.52460474,South-East
0.7138847,0.764153,North-West
0.44165963,0.81947315,North-East
0.97454697,0.78378206,North-West
0.9604608,0.8139545,North-West
0.27562112,0.8714827,North-East
0.4179793,0.80572504,North-East
0.18972969,0.15300262,South-East
0.40643233,0.71463424,North-East
0.61893785,0.42336577,South-West
0.49445832,0.15812111,South-East
0.53308314,0.52769077,South-West
0.09228176,0.9629446,North-East
0.39803278,0.36320877,South-East
0.94345766,0.76829433,North-West
0.15636581,0.7527719,North-East
0.29667234,0.24354511,South-East
0.7780856,0.18886381,South-West
0.17764443,0.78825366,North-East
0.29657096,0.09629816,South-East
0.29071552,0.6300033,North-East
0.18682647,0.20301855,South-East
0.11681908,0.60554785,North-East
0.8090791,0.24891913,South-West
0.6268588,0.8611827,North-West
0.13889337,0.27524376,South-East
0.53794074,0.38878107,South-West
0.9213811,0.31036782,South-West
0.2483275,0.014536262,South-East
0.8360118,0.355721,South-West
0.99248576,0.85878396,North-West
0.93237793,0.14800316,South-West
0.56038684,0.70865893,North-West
0.016539395,0.46602172,South-East
0.2785985,0.40265828,South-East
0.4308957,0.51342493,South-East
0.21113372,0.5699941,South-East
0.70467204,0.6589122,North-West
0.5150607,0.6410775,North-West
0.36193866,0.08540523,South-East
0.09222698,0.33237606,South-East
0.092621446,0.4870091,South-East
0.5799282,0.08363873,South-West
0.9303334,0.17085594,South-West
0.98890567,0.60313123,North-West
0.7783259,0.8492139,North-West
0.04875201,0.56272686,South-East
0.89880264,0.140279,South-West
0.38384467,0.025748074,South-East
0.9767691,0.6942028,North-West
0.7956241,0.7232651,North-West
0.31113827,0.8001229,North-East
0.15083814,0.29666656,South-East
0.124735534,0.95185435,North-East
0.10485494,0.96388996,North-East
0.05102676,0.81169415,North-East
0.26199973,0.25252628,South-East
0.5068422,0.23634529,South-West
0.4819131,0.8745032,North-East
0.93321276,0.95475084,North-West
0.17611253,0.034250557,South-East
0.14494103,0.31874752,South-East
0.34932566,0.39581722,South-East
0.21606916,0.5036305,South-East
0.27595633,0.15563506,South-East
0.21349722,0.10231233,South-East
0.4665599,0.6384247,North-East
0.5232758,0.2347424,South-West
0.5788867,0.15664613,South-West
0.67030364,0.850227,North-West
0.22247553,0.54208636,South-East
0.16719025,0.61647844,North-East
0.95763475,0.40542442,South-West
0.6249022,0.7134825,North-West
0.91475904,0.33034623,South-West
0.77762806,0.54607767,South-West
0.27724147,0.5280291,South-East
0.20633805,0.18559122,South-East
0.752819,0.021246493,South-West
0.95715225,0.59270126,South-West
0.17923659,0.89124465,North-East
0.33738232,0.97124654,North-East
0.5989458,0.09182948,South-West
0.40760493,0.08195448,South-East
0.7256169,0.5413143,South-West
0.8741162,0.89761585,North-West
0.39710492,0.7622766,North-East
0.6024962,0.51431763,South-West
0.75287396,0.010250568,South-West
0.027776599,0.91981214,North-East
0.8295565,0.26494998,South-West
0.61599886,0.74842525,North-West
0.58026767,0.44141418,South-West
0.8500224,0.97618955,North-West
0.9885636,0.8942654,North-West
0.16167974,0.09985775,South-East
0.6667347,0.5573409,South-West
0.83328706,0.43445992,South-West
0.75376976,0.5952397,South-West
0.24273217,0.007088065,South-East
0.9172706,0.095335424,South-West
0.3546421,0.13622981,South-East
0.12540048,0.34171915,South-East
0.070355415,0.198452,South-East
0.60231423,0.47013915,South-West
0.77460253,0.59540784,South-West
0.9792601,0.57971084,South-West
0.06806153,0.35748613,South-East
0.27261394,0.5880204,South-East
0.49156535,0.73503464,North-East
0.5815674,0.5669019,South-West
0.8470715,0.12870634,South-West
0.6272456,0.9329217,North-West
0.14807689,0.6574393,North-East
0.7299949,0.5263656,South-West
0.011595666,0.93187356,North-East
0.023900986,0.2728395,South-East
0.4868858,0.3342265,South-East
0.571843,0.15061742,South-West
0.5326768,0.46002227,South-West
0.20825905,0.593401,South-East
0.06274402,0.7754521,North-East
0.9911063,0.14159977,South-West
0.21540684,0.9250031,North-East
0.8831981,0.15564048,South-West
0.13017678,0.19144481,South-East
0.9532535,0.15283543,South-West
0.47670966,0.08401638,South-East
0.93880206,0.896268,North-West
0.54795057,0.8960837,North-West
0.34986854,0.7119054,North-East
0.24951828,0.831592,North-East
0.52055985,0.7412613,North-West
0.4677258,0.2169435,South-East
0.6948652,0.4445719,South-West
0.33405352,0.6736963,North-East
0.6258515,0.7874016,North-West
0.9073876,0.47556973,South-West
0.4898132,0.19627869,South-East
0.92804813,0.7141223,North-West
0.5877609,0.72141254,North-West
0.048808575,0.18024921,South-East
0.19797963,0.4524272,South-East
0.38513982,0.87804955,North-East
0.63044876,0.29265076,South-West
0.24530196,0.9339912,North-East
0.54501235,0.7957403,North-West
0.4742915,0.9736317,North-East
0.661767,0.13283575,South-West
0.27578384,0.20203692,South-East
0.29876262,0.007189095,South-East
0.5429794,0.849701,North-West
0.60648894,0.72509545,North-West
0.34066987,0.006067455,South-East
0.7715615,0.8163731,North-West
0.023021638,0.3461519,South-East
0.877476,0.86464363,North-West
0.65879,0.8163792,North-West
0.035339236,0.23790741,South-East
0.6603039,0.95329535,North-West
0.032296777,0.52469313,South-East
0.29511243,0.39865088,South-East
0.24329364,0.8922849,North-East
0.6982914,0.0974496,South-West
0.26926017,0.6437493,North-East
0.02582562,0.13852507,South-East
0.5113849,0.702846,North-West
9.79E-05,0.7522614,North-East
0.17951804,0.9842166,North-East
0.6303356,0.4150793,South-West
0.5287557,0.8849012,North-West
0.7550172,0.6387275,North-West
0.0908407,0.87728935,North-East
0.98899364,0.92336524,North-West
0.4382441,0.19871801,South-East
0.98280406,0.62161314,North-West
0.41386026,0.36538935,South-East
0.7608752,0.45654243,South-West
0.5564779,0.02499479,South-West
0.52262497,0.03594035,South-West
0.63302666,0.98094827,North-West
0.21769255,0.5497391,South-East
0.18760902,0.9396117,North-East
0.5734812,0.58444566,South-West
0.972212,0.15912569,South-West
0.017927885,0.5606191,South-East
0.12556815,0.113859,South-East
0.13904095,0.13538378,South-East
0.30884808,0.07209003,South-East
0.31953317,0.2157408,South-East
0.43678743,0.047011852,South-East
0.9221978,0.21978009,South-West
0.6106735,0.49377996,South-West
0.6500506,0.3871408,South-West
0.7686626,0.8500293,North-West
0.31330812,0.27821058,South-East
0.02561611,0.15660256,South-East
0.3797651,0.88017976,North-East
0.7385932,0.54232424,South-West
0.12094116,0.73941594,North-East
0.7680284,0.94531333,North-West
0.47650838,0.31153828,South-East
0.9242629,0.59796166,South-West
0.6051087,0.82653207,North-West
0.113440275,0.18836272,South-East
0.4599918,0.73535216,North-East
0.5978888,0.2833084,South-West
0.19032437,0.5814454,South-East
0.1391896,0.25328273,South-East
0.11905259,0.5358276,South-East
0.6254924,0.16507149,South-West
0.9594752,0.97375983,North-West
0.3297345,0.6302261,North-East
0.60695696,0.24628013,South-West
0.88681245,0.5358251,South-West
0.6593713,0.1180864,South-West
0.8031485,0.69655913,North-West
0.9879103,0.37739068,South-West
0.16230178,0.4035415,South-East
0.48497075,0.5618446,South-East
0.70924336,0.39544988,South-West
0.17218268,0.04157418,South-East
0.6807202,0.12230551,South-West
0.3516624,0.32549125,South-East
0.29996073,0.1326806,South-East
0.44776672,0.14570892,South-East
0.42415553,0.70330375,North-East
0.7136193,0.87806803,North-West
0.2791193,0.2984535,South-East
0.49324095,0.19107515,South-East
0.8468751,0.3383479,South-West
0.24112028,0.51318634,South-East
0.30129802,0.9547476,North-East
0.8395213,0.26720315,South-West
0.88023114,0.6926018,North-West
0.83086824,0.65404457,North-West
0.90858287,0.3938241,South-West
0.23743987,0.6554329,North-East
0.9679133,0.07884735,South-West
0.49071896,0.4607994,South-East
0.769099,0.4697653,South-West
0.28359902,0.5683391,South-East
0.4041611,0.71254015,North-East
0.6138638,0.7395885,North-West
0.812696,0.832473,North-West
0.9587055,0.94277656,North-West
0.43212068,0.8650659,North-East
0.037396014,0.55973065,South-East
0.74684864,0.4523402,South-West
0.4405983,0.8771525,North-East
0.4003502,0.88202673,North-East
0.06632036,0.17410296,South-East
0.47978115,0.113848984,South-East
0.6684409,0.25763398,South-West
0.7725481,0.7140487,North-West
0.33644968,0.80742425,North-East
0.17801899,0.87763727,North-East
0.6550564,0.35335094,South-West
0.9388983,0.81951445,North-West
0.9882657,0.6281478,North-West
0.04201591,0.8631154,North-East
0.4711432,0.6772552,North-East
0.5869994,0.04179299,South-West
0.12870204,0.7518957,North-East
0.39620125,0.087503076,South-East
0.15811378,0.20714897,South-East
0.8561606,0.33794832,South-West
0.96894276,0.437841,South-West
0.35873574,0.51219636,South-East
0.56556064,0.14049762,South-West
0.6209222,0.041575313,South-West
0.34370995,0.73417234,North-East
0.18146145,0.8936622,North-East
0.25485843,0.71699196,North-East
0.027976155,0.67932487,North-East
0.5411495,0.7047517,North-West
0.3319751,0.51359946,South-East
0.16216993,0.2844283,South-East
0.84523207,0.22884369,South-West
0.5023041,0.0263021,South-West
0.52745026,0.37189204,South-West
0.6721323,0.7063256,North-West
0.27259666,0.105268836,South-East
0.4852978,0.1839394,South-East
0.22377884,0.96592,North-East
0.11775625,0.41379952,South-East
0.61110264,0.094081104,South-West
0.23173797,0.7125879,North-East
0.5137983,0.35108352,South-West
0.4925797,0.889567,North-East
0.59034514,0.9100349,North-West
0.521473,0.93279713,North-West
0.9948147,0.7799338,North-West
0.33787566,0.13855428,South-East
0.21375215,0.055046916,South-East
0.7567285,0.41170305,South-West
0.928329,0.8510928,North-West
0.35071975,0.74743384,North-East
0.697038,0.17233968,South-West
0.8777753,0.94335353,North-West
0.9338183,0.764185,North-West
0.24798328,0.46451813,South-East
0.44725752,0.14980078,South-East
0.47966826,0.18734455,South-East
0.5336186,0.97329104,North-West
0.8168243,0.84178734,North-West
0.058199525,0.8124304,North-East
0.47322387,0.2306909,South-East
0.097402155,0.25897425,South-East
0.8840061,0.3724327,South-West
0.98242825,0.1619178,South-West
0.013291895,0.24507982,South-East
0.12243664,0.9977181,North-East
0.14438224,0.73014593,North-East
0.88110214,0.7707969,North-West
0.7035053,0.10013515,South-West
0.3297596,0.19765413,South-East
0.40314353,0.17048842,South-East
0.6497697,0.119299114,South-West
0.27907717,0.26304376,South-East
0.7565962,0.69074625,North-West
0.806931,0.8900255,North-West
0.77166146,0.37493283,South-West
0.06784755,0.56587404,South-East
0.8817945,0.7241383,North-West
0.06567609,0.15551132,South-East
0.95956874,0.3579849,South-West
0.53466195,0.45414233,South-West
0.83374643,0.077160835,South-West
0.5000377,0.31326264,South-West
0.013219476,0.21055233,South-East
0.125301,0.14365989,South-East
0.89920944,0.74552983,North-West
0.98856354,0.36796153,South-West
0.4411317,0.5923767,South-East
0.4435591,0.7074186,North-East
0.8766383,0.18056327,South-West
0.53420985,0.6804769,North-West
0.67424583,0.06366879,South-West
0.5187066,0.49025285,South-West
0.29908174,0.048775554,South-East
0.22161382,0.47589868,South-East
0.63320684,0.6832738,North-West
0.55044925,0.4062373,South-West
0.1893946,0.48600346,South-East
0.7945178,0.27582836,South-West
0.001988649,0.74994147,North-East
0.054634333,0.61226153,North-East
0.8044602,0.8602528,North-West
0.9470045,0.07307094,South-West
0.80762166,0.045131564,South-West
0.7753342,0.7709451,North-West
0.77531546,0.12874687,South-West
0.69270986,0.05222726,South-West
0.8091067,0.8976962,North-West
0.07757121,0.61703616,North-East
0.15651256,0.9771941,North-East
0.8529366,0.9262837,North-West
0.7581673,0.8839469,North-West
0.7898307,0.82366145,North-West
0.1607511,0.06308377,South-East
0.7876013,0.50715125,South-West
0.8103135,0.001027405,South-West
0.62664163,0.22827214,South-West
0.77375585,0.8498567,North-West
0.9822039,0.95720464,North-West
0.2367605,0.7071773,North-East
0.3888873,0.3228582,South-East
0.019572616,0.7150858,North-East
0.9995183,0.27922666,South-West
0.116065025,0.30938596,South-East
0.1131407,0.5389785,South-East
0.37790042,0.24334323,South-East
0.6064576,0.99376076,North-West
0.8689145,0.79709995,North-West
0.2212041,0.2653817,South-East
0.7427717,0.8732167,North-West
0.59457886,0.6257307,North-West
0.34032166,0.37006098,South-East
0.5071612,0.72446877,North-West
0.355839,0.357979,South-East
0.9269478,0.57628393,South-West
0.63055056,0.5890171,South-West
0.49163806,0.8035758,North-East
0.34772182,0.82070315,North-East
0.36459088,0.19116956,South-East
0.029417157,0.28996044,South-East
0.27159685,0.68803,North-East
0.87731177,0.5371531,South-West
0.65252393,0.35356158,South-West
0.2181812,0.14571387,South-East
0.4988739,0.6751613,North-East
0.37163055,0.96357244,North-East
0.6783492,0.72709036,North-West
0.36906356,0.033097386,South-East
0.5318017,0.8619261,North-West
0.03777945,0.9415287,North-East
0.75567436,0.85394794,North-West
0.8944955,0.1695745,South-West
0.12164247,0.49352735,South-East
0.64371556,0.4582625,South-West
0.3301133,0.67328125,North-East
0.37652534,0.32018816,South-East
0.21918786,0.63639206,North-East
0.54603463,0.8185296,North-West
0.95738643,0.66669303,North-West
0.6413794,0.24376386,South-West
0.6167682,0.49609244,South-West
0.08063477,0.59271115,South-East
0.36104584,0.7605178,North-East
0.03499329,0.9467686,North-East
0.17704225,0.13927531,South-East
0.7260836,0.24600905,South-West
0.7416094,0.31864488,South-West
0.702401,0.2438801,South-West
0.34232545,0.59838986,South-East
0.8997021,0.9248306,North-West
0.27939427,0.045010388,South-East
0.07718879,0.58623445,South-East
0.4668439,0.33897978,South-East
0.852829,0.47900623,South-West
0.9500998,0.3814816,South-West
0.84679186,0.11148423,South-West
0.2691871,0.85153484,North-East
0.89442,0.43227333,South-West
0.355196,0.03470999,South-East
0.3752308,0.39421254,South-East
0.3633632,0.6933699,North-East
0.091085374,0.27849805,South-East
0.25843215,0.59462947,South-East
0.93695724,0.43091446,South-West
0.3942446,0.6507295,North-East
0.66686106,0.177396,South-West
0.9152892,0.8176279,North-West
0.1437962,0.98066866,North-East
0.7768238,0.8172902,North-West
0.5574583,0.85105175,North-West
0.08395475,0.0390234,South-East
0.6315446,0.5007892,South-West
0.41858226,0.29246086,South-East
0.9614272,0.24132687,South-West
0.81440985,0.35232568,South-West
0.41360474,0.56615835,South-East
0.09040892,0.89135665,North-East
0.2746185,0.278284,South-East
0.7264731,0.6468661,North-West
0.30610257,0.8416076,North-East
0.30388582,0.7280499,North-East
0.49452156,0.93104416,North-East
0.50815606,0.33073217,South-West
0.48225993,0.3886274,South-East
0.6513932,0.7846768,North-West
0.03750235,0.5650344,South-East
0.7924412,0.58254135,South-West
0.5233617,0.33085084,South-West
0.57036763,0.6112064,North-West
0.92466056,0.5133702,South-West
0.40360194,0.27344316,South-East
0.29947722,0.6771676,North-East
0.40418106,0.11415368,South-East
0.46096975,0.6851577,North-East
0.20344257,0.2798391,South-East
0.6351679,0.40699416,South-West
0.44948912,0.9872464,North-East
0.8575604,0.9797889,North-West
0.4133414,0.7676604,North-East
0.9937307,0.7591343,North-West
0.40353346,0.7130308,North-East
0.728451,0.2538424,South-West
0.3397423,0.17064756,South-East
0.34810013,0.033832073,South-East
0.25476152,0.22162879,South-East
0.030727029,0.59599173,South-East
0.8887431,0.007925391,South-West
0.9973494,0.11703217,South-West
0.19626349,0.23133439,South-East
0.8111135,0.70536125,North-West
0.11969066,0.39026856,South-East
0.3348031,0.36652565,South-East
0.5839068,0.01546663,South-West
0.07208222,0.24005967,South-East
0.35819852,0.04980606,South-East
0.4770943,0.4615754,South-East
0.3096826,0.8408681,North-East
0.17707962,0.105160296,South-East
0.06576055,0.99451303,North-East
0.22306687,0.3107772,South-East
0.21565986,0.6056702,North-East
0.47715658,0.7831856,North-East
0.74614376,0.43669015,South-West
0.027248323,0.13732815,South-East
0.33507854,0.26741797,South-East
0.26022756,0.9751925,North-East
0.65799886,0.4737326,South-West
0.5446841,0.41653806,South-West
0.8144922,0.4973774,South-West
0.6993805,0.016845584,South-West
0.9986365,0.109843194,South-West
0.8322488,0.42733186,South-West
0.3445065,0.6228226,North-East
0.20810544,0.7614021,North-East
0.5256744,0.59894294,South-West
0.47611642,0.7976575,North-East
0.8065407,0.32632792,South-West
0.4980045,0.88032335,North-East
0.29126912,0.7618874,North-East
0.7558954,0.5731261,South-West
0.6291742,0.7595656,North-West
0.6784907,0.8222662,North-West
0.2779022,0.88519615,North-East
0.45300132,0.018876255,South-East
0.04001975,0.69883776,North-East
0.93818027,0.9924954,North-West
0.24520034,0.043856084,South-East
0.064163625,0.57656777,South-East
0.99770236,0.12054598,South-West
0.7041255,0.06730002,South-West
0.024026394,0.207358,South-East
0.9905302,0.14157403,South-West
0.0934003,0.10703009,South-East
0.6877338,0.7417825,North-West
0.8270846,0.2859823,South-West
0.73865575,0.09985727,South-West
0.12254262,0.30668336,South-East
0.8951604,0.62443113,North-West
0.884543,0.3534456,South-West
0.2917297,0.3696745,South-East
0.34463638,0.26697838,South-East
0.5051614,0.43817383,South-West
0.85868275,0.64237577,North-West
0.58771974,0.03017503,South-West
0.6728325,0.83501357,North-West
0.4988355,0.16515028,South-East
0.04334265,0.5506829,South-East
0.47567677,0.9871161,North-East
0.1647197,0.47741866,South-East
0.06338012,0.2812305,South-East
0.31193334,0.8197452,North-East
0.61226875,0.52533686,South-West
0.22197032,0.80993146,North-East
0.08593297,0.7663437,North-East
0.14205623,0.24942976,South-East
0.50767946,0.5282934,South-West
0.84884447,0.8466871,North-West
0.50376403,0.1479739,South-West
0.81526697,0.80032283,North-West
0.33333063,0.60687387,North-East
0.16819024,0.4802366,South-East
0.88352996,0.4377144,South-West
0.06728333,0.70014024,North-East
0.16345376,0.37287617,South-East
0.14846331,0.48553795,South-East
0.36499697,0.45456576,South-East
0.0469445,0.21914655,South-East
0.038360298,0.6169423,North-East
0.15641904,0.9046391,North-East
0.023584187,0.6936976,North-East
0.43148547,0.10850757,South-East
0.6093286,0.20641243,South-West
0.5175154,0.01350075,South-West
0.7812742,0.595686,South-West
0.94120055,0.3058561,South-West
0.15334523,0.10547042,South-East
0.73969626,0.19838047,South-West
0.22688383,0.79877716,North-East
0.29832482,0.40395093,South-East
0.43051034,0.038120866,South-East
0.4361084,0.97642946,North-East
0.094382524,0.71551454,North-East
0.8829731,0.5511598,South-West
0.19773585,0.96394885,North-East
0.26843804,0.08362663,South-East
0.6918915,0.56510967,South-West
0.9532305,0.9066012,North-West
0.18943638,0.71727985,North-East
0.42493504,0.022903442,South-East
0.2741918,0.81422305,North-East
0.317001,0.5081279,South-East
0.029231668,0.8722696,North-East
0.24582684,0.71628946,North-East
0.20801538,0.8313608,North-East
0.76997256,0.42794096,South-West
0.8462518,0.1396187,South-West
0.61370593,0.9371333,North-West
0.79208785,0.4438839,South-West
0.44707066,0.38846904,South-East
0.33545482,0.37502098,South-East
0.6376079,0.011932552,South-West
0.7628373,0.001662493,South-West
0.47402602,0.5902561,South-East
0.62343776,0.58511776,South-West
0.9768799,0.8760307,North-West
0.8418789,0.49770117,South-West
0.95119226,0.36394536,South-West
0.5795421,0.15364474,South-West
0.87457305,0.94341767,North-West
0.16282988,0.2735952,South-East
0.35350555,0.40005434,South-East
0.14662468,0.87862337,North-East
0.59997255,0.4080956,South-West
0.052706003,0.84647125,North-East
0.88848794,0.7330837,North-West
0.8566865,0.31086016,South-West
0.5360151,0.53294826,South-West
0.43709362,0.4341026,South-East
0.21845186,0.3606072,South-East
0.9436201,0.31468397,South-West
0.58972496,0.20178002,South-West
0.08848965,0.8261781,North-East
0.22357243,0.363338,South-East
0.36865956,0.7337637,North-East
0.95243114,0.51116616,South-West
0.043645084,0.35224462,South-East
0.15925199,0.6587723,North-East
0.6336836,0.5380138,South-West
0.4914137,0.46098208,South-East
0.7784428,0.8306303,North-West
0.64420784,0.06885946,South-West
0.4733467,0.85200846,North-East
0.21575862,0.86595786,North-East
0.14778793,0.54769516,South-East
0.4049738,0.2112509,South-East
0.3890797,0.8209901,North-East
0.3265826,0.45532805,South-East
0.67318195,0.51304615,South-West
0.59801304,0.8340315,North-West
0.516325,0.35747075,South-West
0.33542418,0.7536263,North-East
0.49209756,0.4638905,South-East
0.8323962,0.6054386,North-West
0.500939,0.4295904,South-West
0.6144786,0.7428983,North-West
0.17096841,0.35049236,South-East
0.7240103,0.04292476,South-West
0.90151644,0.70180935,North-West
0.52848667,0.49508494,South-West
0.6275505,0.32473516,South-West
0.92651665,0.22002381,South-West
0.13146085,0.019175828,South-East
0.99047256,0.93305326,North-West
0.60860926,0.57508296,South-West
0.10478902,0.1248284,South-East
0.107946575,0.4383248,South-East
0.8821554,0.62972957,North-West
0.5253306,0.7037707,North-West
0.24331677,0.060491502,South-East
0.5844864,0.25152725,South-West
0.28474557,0.08701563,South-East
0.96155065,0.7258451,North-West
0.015068471,0.2760148,South-East
0.60964096,0.72452354,North-West
0.87696576,0.2496453,South-West
0.8388424,0.18471462,South-West
0.6755676,0.0946877,South-West
0.6764754,0.07453936,South-West
0.17452359,0.103865564,South-East
0.047694564,0.32515734,South-East
0.092440784,0.16789359,South-East
0.9056894,0.5517943,South-West
0.50889206,0.08680332,South-West
0.3354631,0.7422747,North-East
0.072455764,0.12360138,South-East
0.039916694,0.35598075,South-East
0.7731394,0.6896039,North-West
0.37946916,0.43366677,South-East
0.106075466,0.80171037,North-East
0.11751068,0.5186022,South-East
0.99868035,0.07590586,South-West
0.2675653,0.72214586,North-East
0.01381129,0.47252017,South-East
0.44120383,0.8127242,North-East
0.769206,0.7569418,North-West
0.05868548,0.087591946,South-East
0.74916655,0.91994774,North-West
0.86034715,0.21360761,South-West
0.32668108,0.36553305,South-East
0.7023399,0.54909515,South-West
0.78971946,0.037715137,South-West
0.44500786,0.42685485,South-East
0.9791795,0.3534701,South-West
0.35871083,0.8723167,North-East
0.13090324,0.6345839,North-East
0.34602296,0.52511543,South-East
0.08146393,2.50E-04,South-East
0.07995242,0.5420415,South-East
0.8862963,0.47381246,South-West
0.007177353,0.7900621,North-East
0.42659563,0.4658677,South-East
0.8884901,0.13618219,South-West
0.8937467,0.18236566,South-West
0.92399436,0.4432606,South-West
0.36049563,0.74633056,North-East
0.51956296,0.4650361,South-West
0.52841043,0.55700654,South-West
0.82819796,0.067721605,South-West
0.31125933,0.29780304,South-East
0.4829468,0.5983826,South-East
0.13179201,0.9672515,North-East
0.51772565,0.1713379,South-West
0.7111615,0.7837499,North-West
0.6427406,0.6930503,North-West
0.080132246,0.009272575,South-East
0.54924184,0.52407265,South-West
0.481669,0.8691858,North-East
0.21429461,0.3548712,South-East
0.535999,0.3001817,South-West
0.6634206,0.6126796,North-West
0.35041338,0.23710912,South-East
0.9338047,0.12147671,South-West
0.35369045,0.31873298,South-East
0.12283915,0.79989916,North-East
0.27395743,0.03442508,South-East
0.16879058,0.53618324,South-East
0.44207126,0.49633104,South-East
0.10814124,0.54949003,South-East
0.15132314,0.7681422,North-East
0.9066235,0.19824958,South-West
0.12771899,0.34133542,South-East
0.9402021,0.38411838,South-West
0.83062965,0.26734996,South-West
0.88346195,0.121080995,South-West
0.70676535,0.24000096,South-West
0.17434525,0.08004105,South-East
0.13482547,0.7024638,North-East
0.5974014,0.70749176,North-West
0.42557472,0.7189982,North-East
0.5472331,0.970685,North-West
0.2623794,0.81044924,North-East
0.5873371,0.6599283,North-West
0.588412,0.37730688,South-West
0.34787267,0.13063592,South-East
0.45492876,0.41321445,South-East
0.15298647,0.18359327,South-East
0.35450643,0.39937872,South-East
0.031248331,0.6422166,North-East
0.26626587,0.036085844,South-East
0.64171183,0.91170025,North-West
0.057429254,0.5468171,South-East
0.796414,0.10874748,South-West
0.11567718,0.934259,North-East
0.53422886,0.08462834,South-West
0.556458,0.79242194,North-West
0.41044772,0.07174605,South-East
0.06353104,0.11734301,South-East
0.8239833,0.64853394,North-West
0.21261019,0.30830032,South-East
0.7754903,0.013737023,South-West
0.9081443,0.025593996,South-West
0.60392225,0.10401714,South-West
0.57128567,0.34884524,South-West
0.60816306,0.18400788,South-West
0.7703397,0.35615784,South-West
0.3495816,0.13172793,South-East
0.7289653,0.679736,North-West
0.12897658,0.5715595,South-East
0.30573952,0.16362166,South-East
0.118858576,0.24933857,South-East
0.6631711,0.59571487,South-West
0.843915,0.96766466,North-West
0.5647231,0.7663985,North-West
0.7765304,0.013094664,South-West
0.5129015,0.24274683,South-West
0.34120017,0.20986253,South-East
0.30610907,0.17894495,South-East
0.39552814,0.5671996,South-East
0.9110117,0.9142716,North-West
0.52331007,0.3798796,South-West
0.263007,0.759542,North-East
0.18716908,0.6655736,North-East
0.99051905,0.22660613,South-West
0.84764516,0.939884,North-West
0.45791227,0.51434124,South-East
0.66899574,0.64306885,North-West
0.6135691,0.5951606,South-West
0.95881003,0.53464115,South-West
0.1690067,0.030608177,South-East
0.2915662,0.19701129,South-East
0.70480704,0.23097938,South-West
0.5612934,0.46155578,South-West
0.56075436,0.3255707,South-West
0.41448444,0.25497884,South-East
0.31015712,0.95622283,North-East
0.5034036,0.616247,North-West
0.30926865,0.9920057,North-East
0.34715605,0.6510133,North-East
0.14751911,0.49755454,South-East
0.8216349,0.058218956,South-West
0.77655804,0.8976751,North-West
0.15119815,0.81000507,North-East
0.9676507,0.5580034,South-West
0.92921185,0.20935231,South-West
0.41764098,0.35294795,South-East
0.039129972,0.14877588,South-East
0.001510799,0.8907176,North-East
0.22337699,0.097357094,South-East
0.14065325,0.09942341,South-East
0.49791396,0.44242644,South-East
0.134597,0.8021336,North-East
0.13305998,0.9869898,North-East
0.28245384,0.69209296,North-East
0.7161131,0.9758025,North-West
0.21931946,0.9974301,North-East
0.031885087,0.20375413,South-East
0.7108682,0.8485611,North-West
0.49987626,0.9024744,North-East
0.11320913,0.4477427,South-East
0.5010445,0.9479665,North-West
0.31959087,0.1210655,South-East
0.62565786,0.867412,North-West
0.613768,0.006463945,South-West
0.14238554,0.4214825,South-East
0.84290177,0.81051874,North-West
0.4965229,0.614577,North-East
0.45002538,0.8310556,North-East
0.51412946,0.6450451,North-West
0.48473328,0.38651633,South-East
0.04408598,0.99694455,North-East
0.8863739,0.27715164,South-West
0.78996164,0.9311282,North-West
0.33025903,0.8032359,North-East
0.04957515,0.534003,South-East
0.2960136,0.82333314,North-East
0.42680043,0.09531444,South-East
0.8880568,0.008375347,South-West
0.4452095,0.42057163,South-East
0.26934463,0.7578053,North-East
0.4673748,0.13865906,South-East
0.39703113,0.6307578,North-East
0.70102304,0.6808142,North-West
0.43690264,0.81231076,North-East
0.10080999,0.31415677,South-East
0.72466475,0.30195504,South-West
0.10246289,0.98261607,North-East
0.20694107,0.66396374,North-East
0.75774115,0.20234203,South-West
0.7818002,0.31825948,South-West
0.58053666,0.48003024,South-West
0.044522643,0.24229163,South-East
0.3260442,0.664217,North-East
0.3840356,0.38156003,South-East
0.76897645,0.9352887,North-West
0.7519889,0.07662147,South-West
0.03909588,0.31411636,South-East
0.40095156,0.9711548,North-East
0.13183504,0.28691322,South-East
0.44993424,0.49805146,South-East
0.2105419,0.46078104,South-East
0.8517695,0.49325937,South-West
0.33012336,0.776748,North-East
0.6033213,0.37059766,South-West
0.26787573,0.30182827,South-East
0.3296736,0.73094624,North-East
0.4775439,0.72627884,North-East
0.48912877,0.16771,South-East
